ID,Predicted
0,0.8168496679923533
1,0.9968548322476458
2,0.9967451666116653
3,0.8707520618696976
4,0.9969966178979635
5,0.9969202838866067
6,0.01571403865348719
7,0.01532581478383674
8,0.9959604470254751
9,0.024179423488948637
10,0.9967116929623461
11,0.013360732638623866
12,0.9426062397147653
13,0.9950172703554738
14,0.9631008826172508
15,0.010094431448524857
16,0.01785832044227394
17,0.0207672085329786
18,0.4181469823839803
19,0.009913168591139816
20,0.996977017875341
21,0.47516821968601547
22,0.017142733685039553
23,0.021593608576133554
24,0.010211710647975861
25,0.9967740017779664
26,0.9954195407540345
27,0.9967575094744016
28,0.01382396261104522
29,0.996990440437997
30,0.010951612496867389
31,0.013426309829397392
32,0.05973041877128262
33,0.010283938169198415
34,0.9969941528139489
35,0.012980290753098677
36,0.9970286561063114
37,0.9948230851820378
38,0.01793179986107159
39,0.9959396739081912
40,0.07134583274070867
41,0.9969003978680896
42,0.996847780752855
43,0.014693239177442379
44,0.9967444049616581
45,0.019828967548722688
46,0.25299499366305767
47,0.21105167023303176
48,0.9958613473848174
49,0.9244342132472577
50,0.49373401272557915
51,0.010681920474701989
52,0.9966996596193115
53,0.9967705245818251
54,0.9967680698844483
55,0.026699883914042263
56,0.7534665918867584
57,0.06806221312525527
58,0.9967785131120563
59,0.010230028252407654
60,0.40939577626237666
61,0.9969290652505972
62,0.9830948017986606
63,0.9968683340620823
64,0.996588052656628
65,0.9966815749483084
66,0.2736515325948916
67,0.06536517351136859
68,0.08376710706629364
69,0.014655101923428294
70,0.016348286552127545
71,0.01921921509138172
72,0.996736604223593
73,0.010624796892480979
74,0.9967686050840177
75,0.8832441029158
76,0.02508238415760566
77,0.7695189160653693
78,0.07726928367641184
79,0.04072508145179865
80,0.9967319959407875
81,0.011128759739579368
82,0.0732726962318638
83,0.9967548948651235
84,0.9968474473868996
85,0.010811084837399265
86,0.9968042307048464
87,0.013500568761328515
88,0.019229723623331127
89,0.9967178002553875
90,0.9967496794254006
91,0.9957806437147394
92,0.06452643051092484
93,0.015283352524210859
94,0.439519655461941
95,0.9928821018930712
96,0.4851743972668825
97,0.9958679668435219
98,0.9964502493529727
99,0.9964971515287269
100,0.3590993455928447
101,0.9962958691565267
102,0.34931206581352114
103,0.7651565389248712
104,0.9960064925792301
105,0.9969504354308065
106,0.997028271874289
107,0.9959020355878285
108,0.011094357843102377
109,0.015243598885618279
110,0.9967501997304086
111,0.02192046145560166
112,0.9969468996917809
113,0.19662987916878552
114,0.148354031794404
115,0.07983200405923366
116,0.0698188229938787
117,0.014503224063282322
118,0.1935301231725203
119,0.027481417084758066
120,0.011233046064274324
121,0.2976577832041166
122,0.0159636452802742
123,0.6951051846375604
124,0.9787032191022075
125,0.9969985769182176
126,0.02051024984077015
127,0.12858818825765428
128,0.9967040212088216
129,0.3108522205999789
130,0.48905575553034497
131,0.10733652648650607
132,0.9967964149095585
133,0.9755943161094242
134,0.14422346793941546
135,0.9969382766341124
136,0.9767143905408944
137,0.01158649814290105
138,0.996739430456177
139,0.01564092360272204
140,0.10593292571987505
141,0.9968022425926719
142,0.02689001786076628
143,0.40044619109622825
144,0.01713728623496392
145,0.23549502591274685
146,0.9964699536776093
147,0.9968520744826602
148,0.9933837524551686
149,0.9956325295580133
150,0.9958925685618164
151,0.010001446930801797
152,0.01612925140575605
153,0.12288445348171241
154,0.018446398644795775
155,0.013980069673892315
156,0.9968323002238452
157,0.8830922828193896
158,0.012039234927000162
159,0.9967748958293249
160,0.9962318083571484
161,0.9967207305929539
162,0.020792329055194344
163,0.780119953826361
164,0.011099880870836413
165,0.01212774106838605
166,0.7333691284873362
167,0.9967541328326637
168,0.9804856927379205
169,0.9968806901643257
170,0.7333691284873362
171,0.996823862155343
172,0.9961756065055108
173,0.24720832622879005
174,0.09398646349457997
175,0.9282418363052484
176,0.010288248020989049
177,0.010104067379844556
178,0.9968601575071945
179,0.23552483587374282
180,0.08273294909845949
181,0.771871121099793
182,0.027991283413971852
183,0.020438215736320674
184,0.01719094816458347
185,0.9969846161094109
186,0.06033039026076191
187,0.9828871665784105
188,0.996873040578006
189,0.026818296881388422
190,0.013323073012942145
191,0.22827633588593108
192,0.09977179057140287
193,0.019259072275450338
194,0.04619578220922537
195,0.9969753293873438
196,0.015282110542242652
197,0.08141083428745187
198,0.9968181315661946
199,0.014814316184431768
200,0.9969716580132237
201,0.993702969249597
202,0.9968281113292004
203,0.9955864098681926
204,0.01153979367173025
205,0.011150940412798491
206,0.9969636584417403
207,0.015499573031949224
208,0.012844708531497979
209,0.9962895625312925
210,0.05749815945822291
211,0.020585521051491106
212,0.9966735085541569
213,0.9958637460720575
214,0.020748285439051755
215,0.9967604963906912
216,0.020590474865786638
217,0.9970046760397141
218,0.9968222506730323
219,0.027642118070507975
220,0.9967378198591373
221,0.5434557116066778
222,0.9916495075618782
223,0.01221317719283103
224,0.9965902626505758
225,0.0356556149942229
226,0.011035805221673484
227,0.9968091198536404
228,0.957524586203298
229,0.9968146441519551
230,0.9755225834584429
231,0.014586636096657772
232,0.41243686811394176
233,0.9969307591385386
234,0.9964273922754723
235,0.016248165836572036
236,0.15568037929398584
237,0.10960525057442841
238,0.9967861672645671
239,0.9968208138103775
240,0.10960525057442841
241,0.019042403755967354
242,0.01133913393837585
243,0.021505083276472
244,0.9960072259991211
245,0.020416973416107844
246,0.010117448565956248
247,0.9966928497667156
248,0.9966896291893015
249,0.9967876032561876
250,0.03482295903957168
251,0.010287266787497772
252,0.9967818968924639
253,0.8968171077720969
254,0.9968363831752101
255,0.029933882739363368
256,0.9969307806500276
257,0.9968586626923059
258,0.99648814109596
259,0.9962665425942973
260,0.013513456926065908
261,0.9967631841760237
262,0.9952466759973969
263,0.3542083610420934
264,0.04859001812383996
265,0.01769563417827044
266,0.9820071332120338
267,0.9967774064647085
268,0.974700563961729
269,0.9968656976649279
270,0.9965552789537404
271,0.03109493405703719
272,0.9669962586000316
273,0.9968496399855764
274,0.01752695677195939
275,0.010684941093059532
276,0.9970252236971012
277,0.9945370218165049
278,0.9956289036929089
279,0.029367979864342607
280,0.012967851092195483
281,0.05759179542783555
282,0.01606994378333917
283,0.37011394743070253
284,0.9807673749633594
285,0.9968129684840349
286,0.8863798154982914
287,0.9967727290885332
288,0.03408871488014871
289,0.02874840788045159
290,0.9969898797152708
291,0.980767558505954
292,0.9967859098966138
293,0.4069103995663784
294,0.010419146238109718
295,0.01142230921320555
296,0.0775576360212607
297,0.9962318021934488
298,0.011191713999879026
299,0.9968386780164951
300,0.032314930566469766
301,0.9925179558410696
302,0.014883218548875742
303,0.9968040076041
304,0.9956556691961225
305,0.9967467621581259
306,0.9958574219783135
307,0.9802245130958953
308,0.9967333152810861
309,0.9966890183374578
310,0.9966064618322026
311,0.010441426823281336
312,0.014827277514878055
313,0.1658918481487961
314,0.9812109726572947
315,0.030747942931840425
316,0.03940541801684568
317,0.9967951003892087
318,0.9967714069623461
319,0.9966885893522375
320,0.010453455283753466
321,0.996784620977611
322,0.9965879743870311
323,0.015326197895306237
324,0.010669293606202541
325,0.9788628677408162
326,0.9967859291161648
327,0.9945209743597355
328,0.9966073958539322
329,0.019011611481285027
330,0.03608928450669657
331,0.996979831064047
332,0.0175234850621923
333,0.9968915075879494
334,0.31153834977033223
335,0.19247484850990176
336,0.9829932160477785
337,0.9825946841299182
338,0.010957029144476427
339,0.9963078965126697
340,0.9809729296811801
341,0.9968621630460469
342,0.9963437065953155
343,0.012150901070075788
344,0.9966853564295861
345,0.9966529288140776
346,0.08443708992347375
347,0.9405865540019063
348,0.9837633551363848
349,0.996077059294807
350,0.9941621026665748
351,0.9967577277260926
352,0.020816243926876227
353,0.10064224622987329
354,0.012322067255078579
355,0.8035832228408518
356,0.279794013148435
357,0.988368721011579
358,0.996825014216128
359,0.9026867351009922
360,0.9967378915694748
361,0.013954436447899224
362,0.08090544666142456
363,0.040306582865516104
364,0.07634027279315388
365,0.9957443616286887
366,0.014168041895265273
367,0.9967091411837299
368,0.6996514900611275
369,0.6722806960157511
370,0.14380173102174906
371,0.025364594897556877
372,0.9491681952609582
373,0.03466579107731077
374,0.9841645131679357
375,0.010283097094216364
376,0.9968059810618607
377,0.5842895369139238
378,0.02455903381958757
379,0.01382725663310308
380,0.02090524243116189
381,0.2523564026864076
382,0.16549389257769667
383,0.9966239408551413
384,0.15446631768868796
385,0.010254257051041386
386,0.4520268471935163
387,0.9969820109766994
388,0.338249882204518
389,0.9968343073995665
390,0.019723214701729677
391,0.9969226642877053
392,0.9969055398340008
393,0.03233599477040311
394,0.996730947285408
395,0.01589722984397676
396,0.011513679421602049
397,0.035484446246144094
398,0.04952832205283885
399,0.02606604575740314
400,0.9901874093630237
401,0.07418258701361394
402,0.01322536055242828
403,0.994397717234881
404,0.9970550120795852
405,0.011271343335799036
406,0.033366342519362616
407,0.9954229145078908
408,0.013841796605313915
409,0.011370753967060668
410,0.9967411197966366
411,0.9958668472166413
412,0.996974450964606
413,0.011652047219297575
414,0.016192475269579044
415,0.9968194465946504
416,0.04005652693684548
417,0.1027139946400036
418,0.9958458401169924
419,0.015393825422792225
420,0.9724377289096167
421,0.9968021195473841
422,0.03688618109278988
423,0.9969710127271407
424,0.9931607419399889
425,0.03031782671855421
426,0.9967701011387463
427,0.014092439238592736
428,0.893477771235612
429,0.17329477005062321
430,0.07437190835451038
431,0.02443658464926383
432,0.0876534446535402
433,0.011174937145824789
434,0.19662987916878552
435,0.6998143344591253
436,0.9967462729495535
437,0.03347709291569113
438,0.9964343440140251
439,0.27397254102740315
440,0.9941180093784839
441,0.012250856647879473
442,0.9925808882148893
443,0.01631096045252912
444,0.2525873558307552
445,0.012466131301602505
446,0.06120673679776656
447,0.9964968169492855
448,0.9968890079038116
449,0.8125762639221814
450,0.011472234477810973
451,0.033822756898119734
452,0.33354180706148995
453,0.9966633279539833
454,0.015107431132921194
455,0.012273109749734248
456,0.9959662373861174
457,0.9968044406400707
458,0.7614184626916977
459,0.9964642243984291
460,0.012312292028794199
461,0.012914636226049558
462,0.9970483873220237
463,0.017868174497760337
464,0.9962314472282239
465,0.023827795364845125
466,0.996940619177878
467,0.9967530161770422
468,0.05052624542866637
469,0.010270429116985804
470,0.9968060630542492
471,0.010187306352701184
472,0.0632868846477815
473,0.17447483743847994
474,0.011401672720675519
475,0.01793179986107159
476,0.9959406823655227
477,0.9959134419511678
478,0.9956449760860705
479,0.012927113267303003
480,0.011328486612583753
481,0.9965711976711485
482,0.9968868923358878
483,0.1577813197082919
484,0.02566273759207068
485,0.05241507558462092
486,0.013235454981167773
487,0.9964816575804268
488,0.015487720966796265
489,0.9964409400615656
490,0.9970522647319398
491,0.48905575553034497
492,0.9966192459445207
493,0.957613095341972
494,0.037938990415389985
495,0.9969236136395009
496,0.07722526919442144
497,0.9958078909245741
498,0.013745341188104453
499,0.010656128548801613
500,0.9969841428464056
501,0.015345307947543156
502,0.9966991518507569
503,0.9967311643809428
504,0.9967929379927519
505,0.01633745301475784
506,0.9968820328373876
507,0.4704532762454108
508,0.9740142301756629
509,0.9967070040925646
510,0.9837362186950834
511,0.9966898371877961
512,0.01009122970329287
513,0.9968094638623161
514,0.933378819148065
515,0.9779222451958073
516,0.9963565363301972
517,0.6975719635254009
518,0.9966753449293297
519,0.9967653047401468
520,0.03816403980448103
521,0.13782957983173733
522,0.9967698541950364
523,0.816726211872066
524,0.9960539291319397
525,0.10698074514959291
526,0.9962002167492175
527,0.02758704554561673
528,0.030262571651138822
529,0.011564959132446186
530,0.05788715881539475
531,0.9938169181723674
532,0.9966341533624126
533,0.019042403755967354
534,0.9950326029917885
535,0.9966648107689944
536,0.013016810780899741
537,0.25322213711318614
538,0.1319618980777651
539,0.9942879259563445
540,0.05926510691750548
541,0.01889976602645595
542,0.6996514900611275
543,0.012612642046589453
544,0.9954117801189271
545,0.9946930365974074
546,0.955164792198555
547,0.9970097209556409
548,0.1263170915374603
549,0.9948389454823431
550,0.014538198181528881
551,0.014208139180490515
552,0.03526305696088627
553,0.9964685018535152
554,0.08741172869924356
555,0.9910168237077492
556,0.0353083995948622
557,0.9962499831406995
558,0.018446398644795775
559,0.9967506227413043
560,0.9940030776079422
561,0.0110516714678461
562,0.023222847499839074
563,0.07553834080282706
564,0.01252190965225888
565,0.9967498796531276
566,0.01581124010451425
567,0.02845771830809495
568,0.9948566908678521
569,0.021342409912467202
570,0.013931060757538777
571,0.014929364542326382
572,0.03474170344715838
573,0.0202861357629421
574,0.9969393619794892
575,0.9966780269646727
576,0.17386225289292773
577,0.024554238439795286
578,0.9967949149726112
579,0.965586658523128
580,0.9941080514841769
581,0.5844313429042964
582,0.9949265571044519
583,0.01870359990454964
584,0.23792822432395289
585,0.344268337187491
586,0.041342770767985794
587,0.013330546005225171
588,0.03207026163765118
589,0.014672780996355448
590,0.07086900821729963
591,0.030827149379480896
592,0.4157838406517638
593,0.9965763220712888
594,0.05636021750426997
595,0.964827144438756
596,0.012736082839869873
597,0.78748401983312
598,0.9969489389360224
599,0.01658291323365786
600,0.9966651946289651
601,0.9967502788439608
602,0.1730750416893276
603,0.9967794231499211
604,0.016903193487832018
605,0.35886501507889346
606,0.15411282166418172
607,0.9944120920028345
608,0.03242170486682478
609,0.994945323073034
610,0.021449611028467253
611,0.9966501192818443
612,0.9067971978169754
613,0.9947446719262026
614,0.011418077216167565
615,0.9963693716247769
616,0.9968078467628726
617,0.014509344679177175
618,0.9967258621060237
619,0.9968703585417583
620,0.01083425613956013
621,0.13281186060152533
622,0.9968733578484628
623,0.9917491084072385
624,0.994474348651041
625,0.020869775359711892
626,0.9967737927776066
627,0.9967727537025066
628,0.384018954136296
629,0.10180578589058857
630,0.9331637909703924
631,0.017578670296971802
632,0.9966108209984016
633,0.011543189461279715
634,0.9964393230172168
635,0.9969604629657527
636,0.9958228984966984
637,0.9966338865990184
638,0.9948781572886588
639,0.010027757290979801
640,0.9967870289016696
641,0.9964715707522388
642,0.016102583551021774
643,0.05239453480193357
644,0.023191891853800925
645,0.9965120487535768
646,0.9715757422498662
647,0.9968211096884744
648,0.9965192017137533
649,0.010083769345426864
650,0.0176964294982902
651,0.04543986398563969
652,0.9969788039982259
653,0.9958903424552794
654,0.037781884217118186
655,0.19711718605525883
656,0.02721242638461656
657,0.9966667287760074
658,0.8767445355008474
659,0.9967098762682172
660,0.017559955859771232
661,0.9967755849866418
662,0.6190398703905808
663,0.06109318610605174
664,0.9969101992876808
665,0.9968281356866443
666,0.058143438174133595
667,0.01021319851909563
668,0.9966019438524932
669,0.9904724818503472
670,0.010400026115940023
671,0.03166554732365621
672,0.15828661106116806
673,0.022374890692796367
674,0.025647083647590743
675,0.9965965109634599
676,0.9968012519837434
677,0.9968338381373749
678,0.9966803147765084
679,0.010955582549965582
680,0.9967064925741123
681,0.015428928221309902
682,0.9963167772276917
683,0.02428925015805752
684,0.016467999012649708
685,0.9764153355134247
686,0.9969638601060523
687,0.011750071460846659
688,0.03423315479005267
689,0.0714753462859831
690,0.9077290253349716
691,0.9955697372905866
692,0.5842895369139238
693,0.012803077069376521
694,0.28188027051169556
695,0.9967038758527733
696,0.9967128808393229
697,0.5611752720195221
698,0.01906462916759628
699,0.018761470948377337
700,0.05533011963408948
701,0.03524133665310013
702,0.9969707040039191
703,0.08769199769984795
704,0.016019374734811027
705,0.9968103719030174
706,0.4445508563483946
707,0.01192647931293944
708,0.01218784163651393
709,0.06865635138922303
710,0.9958566912995339
711,0.02360084947183361
712,0.9948040651968155
713,0.010562088986666565
714,0.5252421205644722
715,0.017128093480245875
716,0.018230558452625344
717,0.030747942931840425
718,0.012821870815441063
719,0.9966097006037304
720,0.09892487592344536
721,0.996950462070172
722,0.010307820349413296
723,0.9965395988280705
724,0.016365274051284438
725,0.9303336892589293
726,0.018515224527720576
727,0.01435373059392869
728,0.9938259965486307
729,0.9968699906329028
730,0.9965832316692634
731,0.98363103363403
732,0.06030804927352151
733,0.03737828089654418
734,0.9968223101079301
735,0.9958981491056622
736,0.9969559001821933
737,0.9848171747187561
738,0.9969863999369979
739,0.012115545884055544
740,0.9633067239778118
741,0.26811349228819126
742,0.01117095490847896
743,0.9959256946480751
744,0.01265662197768865
745,0.012056071232804989
746,0.9950615799047985
747,0.24721322903637613
748,0.9967585890359617
749,0.11672777829200147
750,0.010833674110211904
751,0.9966672495521882
752,0.020904843054805833
753,0.9758650243504259
754,0.010039430767965754
755,0.015708451382270432
756,0.9968123793299687
757,0.016755243042954653
758,0.8288751507263055
759,0.23599944558633207
760,0.40686909261721277
761,0.9961543418927072
762,0.016361079052185132
763,0.9962840071132831
764,0.9639289672160825
765,0.05132838273357707
766,0.9968311577872015
767,0.03945086294176288
768,0.9970173953051978
769,0.9967268145502047
770,0.029948841324566572
771,0.01334384498279006
772,0.996417395840721
773,0.013831902966169677
774,0.03384529381967437
775,0.974138049385502
776,0.9967852489278657
777,0.9502095500280001
778,0.02542094327490238
779,0.020475173529924447
780,0.9959174248745196
781,0.011289921543947494
782,0.03214103903526754
783,0.02931277702150024
784,0.010747829118072606
785,0.013485194958066141
786,0.9865280579530747
787,0.013822045566496839
788,0.9965154965990022
789,0.027780920649085515
790,0.9969155037696708
791,0.9969407640664364
792,0.013304953455430708
793,0.012766600173931797
794,0.9215612664144459
795,0.8696048436686643
796,0.05151161708876912
797,0.1602199814300122
798,0.01088543167687145
799,0.9967229556687949
800,0.9969768740952285
801,0.9968379490616035
802,0.9935082734201053
803,0.9968158055766299
804,0.9807862323327986
805,0.978754471237549
806,0.9469269550091824
807,0.11961268270605478
808,0.9966835330825506
809,0.009938949838282342
810,0.9967058583950646
811,0.031961031598242505
812,0.9397337032638982
813,0.9968961192195417
814,0.9968341169000934
815,0.17197335915770873
816,0.011345375999911929
817,0.9816598885223714
818,0.014229048665615819
819,0.011398186635969408
820,0.9967581974017156
821,0.99404600758674
822,0.4652431648728338
823,0.03154818088420517
824,0.8802002122875525
825,0.9968927269859895
826,0.1503308994192739
827,0.03490036867971655
828,0.036687651634599444
829,0.03933140403184521
830,0.9967548176817875
831,0.08766196921308576
832,0.010254257051041386
833,0.9964165056658181
834,0.9966516963149441
835,0.9969320024885499
836,0.9970037725094287
837,0.9968502849250314
838,0.14393661082036918
839,0.9967450569330429
840,0.2393715515758149
841,0.9800566479264988
842,0.9968654440090441
843,0.02775925147036762
844,0.021468069207418377
845,0.6317169202497994
846,0.021818171609080606
847,0.9968244445700457
848,0.20559249391455148
849,0.995579516196698
850,0.9970235768043334
851,0.9958574174455158
852,0.997041597882125
853,0.017968998597378126
854,0.9967092542489285
855,0.014294688784416565
856,0.9955813504925503
857,0.022737928205922256
858,0.015934307848236153
859,0.9967781407109941
860,0.9962513783894088
861,0.018713620847351873
862,0.013560297887336101
863,0.9966832712030157
864,0.9968087239881553
865,0.5203573022634891
866,0.5434557116066778
867,0.032802329307254546
868,0.015902289493446794
869,0.01008700874568886
870,0.017666956717970306
871,0.9371991097042818
872,0.9969244762207803
873,0.03306779921049689
874,0.9967957743602616
875,0.010883840679673604
876,0.9757304595960208
877,0.9968925517418535
878,0.9966892551700177
879,0.9969479764985568
880,0.906463531736549
881,0.011754538385482417
882,0.015072885726331817
883,0.9811935993363721
884,0.01760370770529974
885,0.9151649203422695
886,0.030436784833974453
887,0.010490742916441401
888,0.9930619064668871
889,0.9959378397672061
890,0.011671139470463384
891,0.01174516495745546
892,0.17093707874353148
893,0.04109011699854233
894,0.9970740980765126
895,0.9967924599164584
896,0.02724046035340592
897,0.04180794085634782
898,0.9965070553416434
899,0.9957685170630005
900,0.9969512366901732
901,0.012650006195974797
902,0.9970597087981914
903,0.9561230447936974
904,0.12058440606307749
905,0.9401402507440576
906,0.9966989162386553
907,0.01297992793227334
908,0.012605865213550652
909,0.01619320833763602
910,0.9968009118410003
911,0.24467999601889012
912,0.25384633362338005
913,0.013934657749245256
914,0.016862860398519777
915,0.9719258117360822
916,0.9947773762909413
917,0.9967929033091733
918,0.9760717852085177
919,0.9967415720743213
920,0.030832210862202152
921,0.010192459134083906
922,0.9959168915883638
923,0.9967479148858538
924,0.09610428321580378
925,0.4678503679306811
926,0.022721775768650563
927,0.12184867818564746
928,0.9967025162717491
929,0.7752058783194087
930,0.015163924918166722
931,0.23448224615591923
932,0.036421989140003386
933,0.9968708885818958
934,0.15096627569240312
935,0.9968224869083482
936,0.9968923478869514
937,0.02066000363830534
938,0.010024044267873847
939,0.9634108326090408
940,0.023426007621733004
941,0.11948186230324931
942,0.9942724059435653
943,0.0939116170615871
944,0.9966570623368373
945,0.9967617460028336
946,0.01762484672571847
947,0.029436082230972403
948,0.9965123124946653
949,0.10960525057442841
950,0.9968198709019521
951,0.9969058985517046
952,0.012789828381698865
953,0.013453153260883881
954,0.06214215051036621
955,0.010161571745474529
956,0.9968960200299366
957,0.015888803541921064
958,0.019270657995507527
959,0.9967707807219522
960,0.9966936202096106
961,0.19650045028717505
962,0.9969912825772508
963,0.027797958871118633
964,0.2059137496302405
965,0.9968008937829443
966,0.9712585344482367
967,0.9965207518122082
968,0.7744335235078339
969,0.012315142948840127
970,0.01082093686267428
971,0.011992914232307488
972,0.9967594245033746
973,0.0165738796144057
974,0.27836126888316676
975,0.9968814907308857
976,0.16121552701991895
977,0.9969177947359301
978,0.9969375012596433
979,0.996385305655673
980,0.9351932228673213
981,0.011440146151140628
982,0.010451911412381804
983,0.17574186001063216
984,0.033557077382323164
985,0.9967356814091443
986,0.03208317823104738
987,0.021345727831270856
988,0.012016780433228187
989,0.26960649353661836
990,0.951908575170902
991,0.010164883730155103
992,0.9967650943672325
993,0.9958266415192099
994,0.9968193404135758
995,0.9966493130736498
996,0.9967562183111282
997,0.015072885726331817
998,0.010242251223564392
999,0.9943894974667284
1000,0.011491772622034503
1001,0.9964936591553605
1002,0.996934663886714
1003,0.9967037777874694
1004,0.9950709676228825
1005,0.14325883082139015
1006,0.01121102226831121
1007,0.01461594428436268
1008,0.9956746115555893
1009,0.4986555601031696
1010,0.010184573216556445
1011,0.011841640914990037
1012,0.014152206520846778
1013,0.072476533752744
1014,0.02566273759207068
1015,0.010690502969234225
1016,0.9968232070243869
1017,0.37379548981302035
1018,0.014577995260636521
1019,0.9967619580109911
1020,0.8296900263775571
1021,0.40223860940187567
1022,0.9777168259120997
1023,0.7830164718410466
1024,0.014975949305368929
1025,0.04747885434084108
1026,0.9967758927877268
1027,0.9957043775561342
1028,0.996917363306125
1029,0.031504330823718375
1030,0.5272833882991568
1031,0.010256910535197918
1032,0.04257508702891263
1033,0.7356390346277175
1034,0.024045331450984277
1035,0.01333509392424297
1036,0.9961718150953389
1037,0.777950899461505
1038,0.11580228588660196
1039,0.9969351434901296
1040,0.9008571806928213
1041,0.02140659194056415
1042,0.5100386737246209
1043,0.01017260367128829
1044,0.014850236313823475
1045,0.9958619363125929
1046,0.015176327281289677
1047,0.9747020014504498
1048,0.15568037929398584
1049,0.9966972729479873
1050,0.9969599346658192
1051,0.9968808908678106
1052,0.9961798702222033
1053,0.053475522239070476
1054,0.9965616488742414
1055,0.9970111625561827
1056,0.01109848035380388
1057,0.7317218255336785
1058,0.9967666947601841
1059,0.9409826464132856
1060,0.9438635696257984
1061,0.9967768115893755
1062,0.04101737945656501
1063,0.011110144824282948
1064,0.9968639077452566
1065,0.996791122689902
1066,0.9924664747085045
1067,0.99678508461686
1068,0.9968300906956963
1069,0.9967460273851289
1070,0.010693693655935265
1071,0.014586636096657772
1072,0.01859877142695428
1073,0.4228519288238247
1074,0.33990564646584814
1075,0.9958600462566524
1076,0.9965645972614653
1077,0.9670570377204821
1078,0.1505486429611686
1079,0.06917684028718735
1080,0.9968669996953701
1081,0.035609212175151755
1082,0.024997392688841442
1083,0.01591206746406127
1084,0.018842607812058144
1085,0.010168913503748288
1086,0.9967507757875874
1087,0.012947319839704968
1088,0.011746508123695175
1089,0.9967183114774611
1090,0.9968615037877774
1091,0.4756838647765985
1092,0.1649019732486557
1093,0.1258004215123014
1094,0.9966167859619998
1095,0.014715448264172445
1096,0.019042403755967354
1097,0.3022409580546295
1098,0.996766370741865
1099,0.9966447911262791
1100,0.1734019579652296
1101,0.01451082125347488
1102,0.016399544861964693
1103,0.01565219560481232
1104,0.9970145032538597
1105,0.01316843273178533
1106,0.9967583331666595
1107,0.1748146193331017
1108,0.12685257972479927
1109,0.03571442669558635
1110,0.996754663524882
1111,0.012871975676061406
1112,0.9966732750250507
1113,0.9967098765738956
1114,0.15568037929398584
1115,0.015107431132921194
1116,0.9968588868906786
1117,0.011339134376760615
1118,0.9946647055460985
1119,0.01390286172353761
1120,0.996990541817249
1121,0.3725365306095662
1122,0.9970494585852161
1123,0.011543189461279715
1124,0.6512823253838511
1125,0.016072300094189692
1126,0.382285576988315
1127,0.9968182864617299
1128,0.6313810707244714
1129,0.013829529095717023
1130,0.9953152703634431
1131,0.9762032740117159
1132,0.9968132646330476
1133,0.029975795062691806
1134,0.043803968038171257
1135,0.010904275520558055
1136,0.9969091596587729
1137,0.9965158197286493
1138,0.16495940405375714
1139,0.9969673984112893
1140,0.9964685018535152
1141,0.34168989033786307
1142,0.7542871040316347
1143,0.02052458585874576
1144,0.011511808440063883
1145,0.9862498163200896
1146,0.62022895129779
1147,0.9967315724215243
1148,0.011671176329642369
1149,0.15031039400989085
1150,0.9944260825971768
1151,0.05478632239818484
1152,0.9967968823044567
1153,0.0630033591781022
1154,0.014118021325936328
1155,0.9968000640962571
1156,0.02325387675622754
1157,0.017557743091770304
1158,0.37130532031127605
1159,0.09139340102550449
1160,0.9967388809411774
1161,0.9904493934198475
1162,0.018016785345687358
1163,0.9967018426344284
1164,0.12267631976998272
1165,0.9967278188534737
1166,0.9961884594513067
1167,0.9969601749450769
1168,0.9968404979718948
1169,0.014988847881070303
1170,0.09391795291326366
1171,0.9948118593680174
1172,0.9967111626897877
1173,0.9968093008819064
1174,0.9964217242938201
1175,0.0124048799671936
1176,0.039166860779116144
1177,0.9967336494072248
1178,0.015415421556706138
1179,0.9964312691578531
1180,0.012968980038898455
1181,0.9958693202853747
1182,0.996904616563713
1183,0.01165255157633713
1184,0.03321744697934757
1185,0.011491772622034503
1186,0.996264934340961
1187,0.9527074622092773
1188,0.010646999799875623
1189,0.42332828448795956
1190,0.5096930688538047
1191,0.9957901013854442
1192,0.4525307895786041
1193,0.3744024417062588
1194,0.017385934385194982
1195,0.996772207027105
1196,0.996938152974933
1197,0.2429602252153153
1198,0.011191713999879026
1199,0.012742146393112342
1200,0.030949875959171712
1201,0.02383534396913087
1202,0.01013735418397779
1203,0.013200303157414802
1204,0.024721648622387286
1205,0.013160698928381152
1206,0.9967964046187695
1207,0.039188251977031574
1208,0.8037309883228908
1209,0.01958399599690874
1210,0.9804795886516147
1211,0.01153987571333427
1212,0.9970542922013402
1213,0.9968848830459551
1214,0.7064310585107927
1215,0.9967672502547011
1216,0.9947575067768784
1217,0.9962121669546495
1218,0.9968618055063074
1219,0.6181015713670948
1220,0.9534961003456677
1221,0.9852878882855296
1222,0.9967963873948007
1223,0.996930569822618
1224,0.9969320024885499
1225,0.9968630539577809
1226,0.012782989956294755
1227,0.16460481670199573
1228,0.9952624289128782
1229,0.0135258282851056
1230,0.9085073170278952
1231,0.011237581121712107
1232,0.01715539804585321
1233,0.9940388686001418
1234,0.07077620314347001
1235,0.9967958681966186
1236,0.9967539611658737
1237,0.02295592552890722
1238,0.41449484148417165
1239,0.9962121775573431
1240,0.02137356343246834
1241,0.07013819264718965
1242,0.996864226556949
1243,0.07278860250657407
1244,0.1096650483214174
1245,0.02698264224511327
1246,0.9965591723207202
1247,0.9968597067404305
1248,0.1218602907835898
1249,0.9962418858436656
1250,0.025922940324068278
1251,0.9967501796938261
1252,0.99675612133512
1253,0.670474198470433
1254,0.9963084984675459
1255,0.3262243969432581
1256,0.8064258809366256
1257,0.9899579487199016
1258,0.990270830681474
1259,0.3755290985618777
1260,0.017956745491394976
1261,0.03714052983620251
1262,0.01414960724081247
1263,0.011179359545645326
1264,0.9966510965415845
1265,0.9969712716565358
1266,0.9970480976925453
1267,0.019192826609467892
1268,0.9690955161334016
1269,0.9964287122840721
1270,0.9930060359837022
1271,0.9969590782212431
1272,0.014149631248189671
1273,0.03355331743980426
1274,0.015471926021104813
1275,0.04412577685721252
1276,0.011636792312055371
1277,0.022212149427036226
1278,0.012362663790545207
1279,0.9966410921906601
1280,0.9967402768676288
1281,0.9828087744392366
1282,0.06726742742456537
1283,0.021368347102080475
1284,0.9922722092895175
1285,0.017272375596268288
1286,0.9968738368654121
1287,0.012685557045219653
1288,0.8403485425763686
1289,0.2609028386240225
1290,0.5123759393423705
1291,0.2651726363017287
1292,0.022977657868612562
1293,0.030889853646660862
1294,0.9184998947214125
1295,0.039333625440127
1296,0.012161064149029172
1297,0.40605310544606243
1298,0.8211022621677818
1299,0.996762660229991
1300,0.044262670942305495
1301,0.04072674385547235
1302,0.03772959978075935
1303,0.9965335946755971
1304,0.015130846888225786
1305,0.0714753462859831
1306,0.9968266357625691
1307,0.015014866132437117
1308,0.9965814505401301
1309,0.011152376806208932
1310,0.022630144580233137
1311,0.9966609861477433
1312,0.9963362838050914
1313,0.996950462070172
1314,0.013451921699211259
1315,0.04895470014086164
1316,0.9969740207856344
1317,0.017580874407468045
1318,0.9966005673487642
1319,0.011809027067093102
1320,0.09267051349640966
1321,0.20554102829125137
1322,0.9968386639628126
1323,0.032171737394990255
1324,0.018268876506437576
1325,0.0301269986063156
1326,0.9966422175611015
1327,0.032171737394990255
1328,0.01274883946147343
1329,0.9966346096066063
1330,0.014511278140552792
1331,0.9962915279673936
1332,0.6882310937396257
1333,0.9952440483593569
1334,0.010702006812904858
1335,0.9597112196558832
1336,0.053248864141959125
1337,0.027104615525326104
1338,0.9764337789630615
1339,0.027481417084758066
1340,0.08281227116510416
1341,0.035234339665332855
1342,0.010163410421894052
1343,0.9872805262583084
1344,0.9964891122876239
1345,0.9966451338398301
1346,0.9967397064686935
1347,0.996656506147191
1348,0.020416973416107844
1349,0.6087187461258966
1350,0.8502572663186514
1351,0.9843442007285849
1352,0.7630584483936398
1353,0.01083905804227453
1354,0.9963284202108362
1355,0.9964752378568627
1356,0.03163492071735601
1357,0.7281025673079298
1358,0.020922468563018083
1359,0.10634790121461887
1360,0.9398356855790163
1361,0.9968009802128366
1362,0.03586704031204424
1363,0.05026970791468569
1364,0.9968193648482068
1365,0.014975949305368929
1366,0.9968082019379931
1367,0.1347232728847558
1368,0.051545499388974965
1369,0.974873698526343
1370,0.05511575719812138
1371,0.9967962655884168
1372,0.017628503577694368
1373,0.044874028747153634
1374,0.03612708771205046
1375,0.9967529840596215
1376,0.9958979166228465
1377,0.9968228828875592
1378,0.9969814903384013
1379,0.03208317823104738
1380,0.022380297368360048
1381,0.060743798564089325
1382,0.03045525378404406
1383,0.01165683228409402
1384,0.9968135859427821
1385,0.9957456040400682
1386,0.021699818458936072
1387,0.9967816626090522
1388,0.01024987012130124
1389,0.016422163569599992
1390,0.9968283223767538
1391,0.01629762905881174
1392,0.01901550551043358
1393,0.9969288777692518
1394,0.9968352245329747
1395,0.9967867513120461
1396,0.9966362523933302
1397,0.1074777106177122
1398,0.3261420582688279
1399,0.9750221252248576
1400,0.021572470592425026
1401,0.1442157173319192
1402,0.996442570112023
1403,0.7376357887466041
1404,0.9810725881654785
1405,0.976527063184461
1406,0.9963748373314358
1407,0.2782966924248731
1408,0.9970128065906719
1409,0.011827486940630917
1410,0.9966670813110635
1411,0.03758183103738307
1412,0.01472061901674789
1413,0.9968312693929142
1414,0.9968290660064623
1415,0.03275194824590546
1416,0.4970347694311496
1417,0.046210028345182425
1418,0.5179821847572703
1419,0.10228246992193558
1420,0.9963683449127764
1421,0.9965320221073166
1422,0.011183186912049914
1423,0.6438346852040333
1424,0.046307816375557476
1425,0.12826268029325735
1426,0.021307647878767013
1427,0.021852029044521788
1428,0.014273635543981316
1429,0.032171737394990255
1430,0.010566856525825898
1431,0.03036995565549655
1432,0.033657579133387475
1433,0.9957585522271706
1434,0.021852029044521788
1435,0.9967643781218625
1436,0.011891314515038552
1437,0.9967921544337155
1438,0.995907292703698
1439,0.9967243155681434
1440,0.018817071666346236
1441,0.9913572635570216
1442,0.9968220996156761
1443,0.9724741802273202
1444,0.7998944841415864
1445,0.023575820347980055
1446,0.027113011123756695
1447,0.9952191292200225
1448,0.9962407027852139
1449,0.9966108644404787
1450,0.01344129881822102
1451,0.9968491922605923
1452,0.01967066284781274
1453,0.01607692864214475
1454,0.9158704656395835
1455,0.33100005135267424
1456,0.03400540855646389
1457,0.012294894587419322
1458,0.011142603215257653
1459,0.011175930666585027
1460,0.7953207731940943
1461,0.017012478730654607
1462,0.996735670850504
1463,0.9970191153602586
1464,0.0122196105837875
1465,0.9966698076475624
1466,0.013948805040430877
1467,0.9937626927432037
1468,0.9962555672598895
1469,0.8620334078024309
1470,0.43451510428835965
1471,0.996728691197847
1472,0.9958922629112975
1473,0.7513226182645852
1474,0.9961120768048569
1475,0.9959480835956164
1476,0.5352115819873199
1477,0.9707956834259254
1478,0.9966232831168307
1479,0.12491541047988373
1480,0.051723727991877154
1481,0.011983134861671699
1482,0.9968127717063013
1483,0.9967234310084372
1484,0.9967403669095557
1485,0.996323573824408
1486,0.5280974232542096
1487,0.26614533390746925
1488,0.97285753782125
1489,0.011561345254820535
1490,0.9958687829358434
1491,0.1381626188609238
1492,0.35736445625326063
1493,0.6760353492234201
1494,0.034189274210761476
1495,0.9968635772185102
1496,0.11878989645414897
1497,0.9968505033867651
1498,0.025369689848311554
1499,0.9962205526831501
1500,0.6814916221149095
1501,0.8967713880196265
1502,0.9970099709579501
1503,0.6090165843630659
1504,0.216124894223878
1505,0.9965982920771398
1506,0.01336520462979643
1507,0.543478443028354
1508,0.9970223005229712
1509,0.027116154357010733
1510,0.06066598824912373
1511,0.014903591537422985
1512,0.9965867162805905
1513,0.02908658362291784
1514,0.027936468290909653
1515,0.010066398847355718
1516,0.9963306610097266
1517,0.12316419100780437
1518,0.0483394019355073
1519,0.01389348626148956
1520,0.9968800184925604
1521,0.9967578235289885
1522,0.9783248421330639
1523,0.9969543676994242
1524,0.9967391204280421
1525,0.25615360390768516
1526,0.010825485418072208
1527,0.9959106332625336
1528,0.27280731473601094
1529,0.07444570172028635
1530,0.9438040840708842
1531,0.016436638223250356
1532,0.013418241530946685
1533,0.9965200309209205
1534,0.12559557918974162
1535,0.040373606495222834
1536,0.011298243757561994
1537,0.022044307069832656
1538,0.014815131050301975
1539,0.9966203560454433
1540,0.6223493729484498
1541,0.9968227210349516
1542,0.11887010087890644
1543,0.9967870733017639
1544,0.9969912825772508
1545,0.9866473819757758
1546,0.9968550845364684
1547,0.052172774561485974
1548,0.013567624885935168
1549,0.03725658924720718
1550,0.03722389389540963
1551,0.9966811093742721
1552,0.0698188229938787
1553,0.9967530680749003
1554,0.11295912050433368
1555,0.9664523565276129
1556,0.03456824199158902
1557,0.9405270407829422
1558,0.9856463464284023
1559,0.013992417650430954
1560,0.9967662574456291
1561,0.09501909501237524
1562,0.9839706104144248
1563,0.01012475361177117
1564,0.996616748402434
1565,0.021101311182413266
1566,0.9829333758650746
1567,0.14252750187123417
1568,0.020846190682125332
1569,0.3193070086639661
1570,0.9951884372796106
1571,0.9939286585626191
1572,0.048808077833334
1573,0.022914366204656925
1574,0.9968050688706263
1575,0.9961133364753175
1576,0.09923827576745665
1577,0.996936906912825
1578,0.9817942574765135
1579,0.014166493829744853
1580,0.01854386264111289
1581,0.011913189315158734
1582,0.011036252600360702
1583,0.9964958876869875
1584,0.024997392688841442
1585,0.03331807154649698
1586,0.9970387795464186
1587,0.9847673559907307
1588,0.012676686345006256
1589,0.9970223005229712
1590,0.9967402768676288
1591,0.12599765704990878
1592,0.012611811012785423
1593,0.01614243510997485
1594,0.01117312279052504
1595,0.9970039606053869
1596,0.03586704031204424
1597,0.9943524769638352
1598,0.018452399427233663
1599,0.010290559611138408
1600,0.054856937187546355
1601,0.9970093433297132
1602,0.9967202037738574
1603,0.010466121781338615
1604,0.09155904204353756
1605,0.1664451072248167
1606,0.13666661946472786
1607,0.03617381807691636
1608,0.021852029044521788
1609,0.012336414248907218
1610,0.9966439915473962
1611,0.009909995317756866
1612,0.028077017068338078
1613,0.9797393734456845
1614,0.9958668503577363
1615,0.9966743721738525
1616,0.9968555215689602
1617,0.9475662112189296
1618,0.9964701781205847
1619,0.010027757290979801
1620,0.012054941093448658
1621,0.9968613675867225
1622,0.9821261980967252
1623,0.9967624329434691
1624,0.9967819169655971
1625,0.011805653286142843
1626,0.04020261709818109
1627,0.013160698928381152
1628,0.0146160615694608
1629,0.9967274133356918
1630,0.6768068711511506
1631,0.09923961219290035
1632,0.9970322278662096
1633,0.013756788605679393
1634,0.9966493876752837
1635,0.9949138047539217
1636,0.24729635400390473
1637,0.010868610793644368
1638,0.010094781651512542
1639,0.9968096970535114
1640,0.06942829154603224
1641,0.9969179399955637
1642,0.013707144213860661
1643,0.02320672559480935
1644,0.9966763512346949
1645,0.996794820942919
1646,0.02681411856065319
1647,0.03617381807691636
1648,0.9958645788203753
1649,0.021601319546508315
1650,0.039166860779116144
1651,0.12590367771532765
1652,0.9967854833706133
1653,0.9958011179237991
1654,0.9967095429302715
1655,0.15689203795596163
1656,0.03171824149050618
1657,0.9959537996961773
1658,0.017373261737241495
1659,0.9966153368973277
1660,0.9967690649516947
1661,0.014093838654592065
1662,0.9970264203327573
1663,0.038169763288094995
1664,0.05082637781654922
1665,0.5434557116066778
1666,0.9966200292569234
1667,0.010306913514336827
1668,0.9941236402146608
1669,0.996814751895873
1670,0.9968781916008962
1671,0.022314943967511117
1672,0.0120727934168272
1673,0.8495336966160009
1674,0.03098477712236341
1675,0.014265701506205554
1676,0.08458369444197306
1677,0.07057296914533634
1678,0.9961525033217441
1679,0.9968596521901333
1680,0.03920864142484917
1681,0.0414041850165912
1682,0.991731953749239
1683,0.9965931588542892
1684,0.9967695372414609
1685,0.030747942931840425
1686,0.04240048083532617
1687,0.3984883863374903
1688,0.5168314656886087
1689,0.017006030609805444
1690,0.021676963590433408
1691,0.9969363832682757
1692,0.014033504998285522
1693,0.996938900560793
1694,0.021375332544768855
1695,0.9968232974569784
1696,0.009970565587517972
1697,0.9966231806896924
1698,0.9943929201120167
1699,0.08411830022992217
1700,0.022751053115553938
1701,0.04644166743814791
1702,0.01601241434760294
1703,0.9946143220411184
1704,0.06334438192748633
1705,0.9968403275832248
1706,0.9967172105671748
1707,0.08233729344571479
1708,0.01136755678410829
1709,0.0698188229938787
1710,0.996559767624137
1711,0.996725793340679
1712,0.012811507758026884
1713,0.9745624646058536
1714,0.9965266177204962
1715,0.9967421732682269
1716,0.9867469704748429
1717,0.018579285803357777
1718,0.011717249872518395
1719,0.01250526651207491
1720,0.995886604371113
1721,0.0386690291150492
1722,0.02455903381958757
1723,0.9884531195462658
1724,0.9967856339421419
1725,0.9970270867068964
1726,0.0348701248930014
1727,0.9955064555612331
1728,0.11668587059067163
1729,0.02740654281027182
1730,0.995937992917272
1731,0.9797119019636272
1732,0.2640638830841548
1733,0.035484446246144094
1734,0.9944465808872034
1735,0.01913252433035534
1736,0.20670698879967173
1737,0.011101454894104329
1738,0.060743798564089325
1739,0.9829660200722005
1740,0.8245729577638967
1741,0.06418465999486597
1742,0.028288826752104916
1743,0.03192368892970077
1744,0.9967565270506276
1745,0.023104658721979306
1746,0.9967756423482789
1747,0.06688014794388801
1748,0.03617381807691636
1749,0.9848440481640569
1750,0.08848578939389848
1751,0.02437346499016885
1752,0.18052599205566847
1753,0.021127567545960877
1754,0.9967695861207218
1755,0.9968341752585367
1756,0.4183792507447643
1757,0.995962347422244
1758,0.9782490099418267
1759,0.9948654070788967
1760,0.03168613216329931
1761,0.011682774036038044
1762,0.013166500436499619
1763,0.021345727831270856
1764,0.9967885697750362
1765,0.08619821746476841
1766,0.013166500436499619
1767,0.01948005657722218
1768,0.8386096796910304
1769,0.6254575865552428
1770,0.033495391381410056
1771,0.9882466317657196
1772,0.1501471562840329
1773,0.8597045998755692
1774,0.9818229877725458
1775,0.9968556868578776
1776,0.9967622938441828
1777,0.9967530559648363
1778,0.9967314627279702
1779,0.9967401489142254
1780,0.9959250365787414
1781,0.5744295697064955
1782,0.9964758623096538
1783,0.9969334874226092
1784,0.933148344801844
1785,0.996830218825186
1786,0.9969180744338647
1787,0.9962674163816034
1788,0.032924392204158125
1789,0.0752909147365985
1790,0.9969388644217354
1791,0.010044884101282573
1792,0.8287921711096116
1793,0.996668669899447
1794,0.011252026195881807
1795,0.01094632732857301
1796,0.3491296512453147
1797,0.045821370365464124
1798,0.9967477137509608
1799,0.015182980535050983
1800,0.03763629782627637
1801,0.9883808904309926
1802,0.017164951656552775
1803,0.6699037680493737
1804,0.9968410476652549
1805,0.010334506966675936
1806,0.06331722153220276
1807,0.009938949838282342
1808,0.9966661046769686
1809,0.9969417831491629
1810,0.9969926115948501
1811,0.01527086492969706
1812,0.01201429790142413
1813,0.01987548124250885
1814,0.9967834673506191
1815,0.01114071262836485
1816,0.9967658793409676
1817,0.011891963332930794
1818,0.9968480001289098
1819,0.6957179810176847
1820,0.011987687776674565
1821,0.9966704227744531
1822,0.08325364421502948
1823,0.07634027279315388
1824,0.9713720688465551
1825,0.010291355632533094
1826,0.011224410912516415
1827,0.1126545107816305
1828,0.019042403755967354
1829,0.9695273874172201
1830,0.014118930527730401
1831,0.024997392688841442
1832,0.9968579764822244
1833,0.9968350689614942
1834,0.9962122442033228
1835,0.996761459314653
1836,0.8893430904884675
1837,0.05779095259443235
1838,0.01935494798120357
1839,0.12298713229982187
1840,0.9968365327315084
1841,0.01361069851388181
1842,0.016185859389413557
1843,0.013842703530102135
1844,0.99667294251168
1845,0.99681059385857
1846,0.46258962170694096
1847,0.0604174225263164
1848,0.014911803455968474
1849,0.9963484505197967
1850,0.015009973459596341
1851,0.9960037922460627
1852,0.9953201345423817
1853,0.014628753189878878
1854,0.9967533516836813
1855,0.03378447208292703
1856,0.014136273990179927
1857,0.9969797116580741
1858,0.9966275790975148
1859,0.9967366042235919
1860,0.9968547993221455
1861,0.9961342343265334
1862,0.9969468996917809
1863,0.9969571133154119
1864,0.11660781884469196
1865,0.03772959978075935
1866,0.9968395011330775
1867,0.08172015714655535
1868,0.9968279682259465
1869,0.030592214464677078
1870,0.9376189974488549
1871,0.010749004584714115
1872,0.9968037676612226
1873,0.9813603618515617
1874,0.8517059914187306
1875,0.08446689534468778
1876,0.03384529381967437
1877,0.6512823253838511
1878,0.9951766346065634
1879,0.01406313241316462
1880,0.010041843558297485
1881,0.1477960961111617
1882,0.02647152811714524
1883,0.0284518009409359
1884,0.25399838683835885
1885,0.026505708587459226
1886,0.06134002484829461
1887,0.9967381874489976
1888,0.3998146523993555
1889,0.011341498833003468
1890,0.3229554698163165
1891,0.9968049708269245
1892,0.9954939491644584
1893,0.5730115391141682
1894,0.9945209684704962
1895,0.9967552864645209
1896,0.9969590782212431
1897,0.015115001280566953
1898,0.018637656551466292
1899,0.024403550346033913
1900,0.730127285353799
1901,0.026601214517574915
1902,0.45567486225452813
1903,0.9955109807519219
1904,0.9812047095633509
1905,0.9966132766180915
1906,0.9964615853372831
1907,0.9947953875582739
1908,0.010190950868051078
1909,0.02354062463518919
1910,0.23551874277563925
1911,0.022579357976034175
1912,0.022701433912580463
1913,0.18328847978612453
1914,0.01439182957481157
1915,0.010979793833024516
1916,0.994806231674524
1917,0.019042403755967354
1918,0.016723310413479592
1919,0.13756461951712717
1920,0.010361724349282099
1921,0.9950791298298629
1922,0.980110436669521
1923,0.011271343335799036
1924,0.9947327365739396
1925,0.010441426823281336
1926,0.05392253435193775
1927,0.9970265423076964
1928,0.10266675803481978
1929,0.010091397964152165
1930,0.020866274649632234
1931,0.9968570348037883
1932,0.9968383879054047
1933,0.9967209438929266
1934,0.048307582793939055
1935,0.9808981961426775
1936,0.996670351639544
1937,0.9958914002721435
1938,0.837400533743612
1939,0.996776952059669
1940,0.16200423099540853
1941,0.027966283393788365
1942,0.019229723623331127
1943,0.03408156415226738
1944,0.9968140668396033
1945,0.9970229161721507
1946,0.020467182347273544
1947,0.016922286838882653
1948,0.9968312849262889
1949,0.010516449736403708
1950,0.995898046411493
1951,0.017559955859771232
1952,0.9968531436914749
1953,0.9928089830421971
1954,0.996516884133172
1955,0.61824480363305
1956,0.9967631005489229
1957,0.9962318829850717
1958,0.9964017555744329
1959,0.011197886306599012
1960,0.01264306730130172
1961,0.2926402287336422
1962,0.03752240531618276
1963,0.011880238109037227
1964,0.060007322354444934
1965,0.996916560115723
1966,0.010586087151110491
1967,0.09672016817138457
1968,0.9409917637474993
1969,0.9966102688162765
1970,0.2148157830139318
1971,0.9966312497219524
1972,0.17021706113168567
1973,0.015917439493639718
1974,0.16560929856461187
1975,0.9968954172821133
1976,0.010930758356045024
1977,0.9354547354876798
1978,0.012880537294184128
1979,0.018524109134914094
1980,0.010005687813836487
1981,0.9969068379158698
1982,0.011448465583505357
1983,0.9765099948563364
1984,0.9968375756331166
1985,0.9967605010928557
1986,0.9953977461807824
1987,0.03295134517360755
1988,0.10703504743017458
1989,0.02437346499016885
1990,0.03212809992049959
1991,0.9959239115884476
1992,0.8672084902823887
1993,0.01695223053807148
1994,0.010334272346611403
1995,0.9958384365534722
1996,0.01158649814290105
1997,0.022970932373012825
1998,0.010370589634138507
1999,0.8133802744467841
2000,0.996736792876911
2001,0.024569982994853898
2002,0.9594408423777999
2003,0.7630348037193702
2004,0.015443210935097653
2005,0.061652843681937596
2006,0.010109578446286922
2007,0.013348182619058787
2008,0.013426309829397392
2009,0.03212809992049959
2010,0.14813490195185755
2011,0.01030812073273318
2012,0.9963131105486143
2013,0.996725088516544
2014,0.20173886702879637
2015,0.9967774165633748
2016,0.9967970877287481
2017,0.03874868287876059
2018,0.9321088532889855
2019,0.013312879015351583
2020,0.020610092071858547
2021,0.021910522001685077
2022,0.036239658591727106
2023,0.9964685106328358
2024,0.9967299097809882
2025,0.996981391280075
2026,0.996228694666766
2027,0.015285453422967374
2028,0.013055239957408179
2029,0.04952832205283885
2030,0.9968890593529275
2031,0.9962108664077697
2032,0.010268764837345443
2033,0.9963800665612778
2034,0.9968006949794038
2035,0.9784948953006443
2036,0.996764932072442
2037,0.9965283870826843
2038,0.02743170685777575
2039,0.9966009827487512
2040,0.046465951046566284
2041,0.9967982692925768
2042,0.011563979847186021
2043,0.19680536527585396
2044,0.03564261798629249
2045,0.06995008526218342
2046,0.08110756261552268
2047,0.9969647532455855
2048,0.9968220950225901
2049,0.04621664289159151
2050,0.2657768136981073
2051,0.9947819458460081
2052,0.996734287809292
2053,0.03212809992049959
2054,0.014940457970617662
2055,0.9964667714345783
2056,0.9968978359880128
2057,0.38268850865868076
2058,0.6868947054793814
2059,0.014934120821678649
2060,0.015487638666769438
2061,0.9968097099325111
2062,0.7207439093905603
2063,0.9709415239535613
2064,0.014338907901610097
2065,0.27728844371293776
2066,0.9964747134330234
2067,0.9965802468855727
2068,0.9885592538398504
2069,0.9969283454354108
2070,0.9966988922738707
2071,0.9967757450809261
2072,0.03571442669558635
2073,0.026026605345028722
2074,0.9968357956331283
2075,0.02521479169366506
2076,0.03486533732881967
2077,0.011359946821674752
2078,0.038669636668780295
2079,0.3542083610420934
2080,0.9968731585042472
2081,0.03278387374822359
2082,0.3333819737458402
2083,0.9968732808395276
2084,0.9966108644404789
2085,0.024186365597800154
2086,0.05294976997169302
2087,0.9968381068265167
2088,0.996888396817627
2089,0.9459147101278642
2090,0.7333691284873362
2091,0.04156774926359055
2092,0.1900970356504853
2093,0.011028754947428525
2094,0.9966056664842375
2095,0.9887762794014324
2096,0.6582727133301545
2097,0.7025719886606278
2098,0.9968889574477803
2099,0.9968273157764346
2100,0.617887937237696
2101,0.010199645833196639
2102,0.029809013765171633
2103,0.011201531178836172
2104,0.9969563799022401
2105,0.04515261051732987
2106,0.996564621726565
2107,0.05373551109968448
2108,0.9946119237731024
2109,0.016613383198188794
2110,0.012790582228655287
2111,0.9958528793314808
2112,0.9792984191214777
2113,0.9795563362407689
2114,0.9967913979400892
2115,0.9969295090167077
2116,0.011527601345198337
2117,0.06372840550200627
2118,0.1649019732486557
2119,0.014182048756318424
2120,0.021591820722467764
2121,0.9966376997802212
2122,0.5584820019845161
2123,0.9967021271644243
2124,0.987333835586438
2125,0.08281227116510416
2126,0.013763829543084173
2127,0.12193108081296396
2128,0.9932960645099926
2129,0.9965994207964421
2130,0.9946534092289396
2131,0.07339196155618331
2132,0.014055207028784211
2133,0.010409300162776546
2134,0.03751661714770448
2135,0.11220072109054312
2136,0.9970567760197039
2137,0.9475662112189296
2138,0.9635323206126841
2139,0.257572042841914
2140,0.07972978787580792
2141,0.010502289551206108
2142,0.887938717534877
2143,0.01031833706355469
2144,0.019042403755967354
2145,0.029312370943173547
2146,0.996274395112805
2147,0.01153987571333427
2148,0.9969587174751965
2149,0.017680566504061468
2150,0.010119553510088707
2151,0.010845939653621114
2152,0.9962255764668437
2153,0.9967220629706134
2154,0.8093796510221101
2155,0.997030170367637
2156,0.9966243692000696
2157,0.9946920953888856
2158,0.010430006687866894
2159,0.02899025081948462
2160,0.011296266595207945
2161,0.9939189447896167
2162,0.9967517078461512
2163,0.9969423495698517
2164,0.019840245214199605
2165,0.9965594240692871
2166,0.9968075342894624
2167,0.9857151089894466
2168,0.011220652625044708
2169,0.8933732562148281
2170,0.9966669100198017
2171,0.9690679282551169
2172,0.9968847930557388
2173,0.01697345497532019
2174,0.9967852489278657
2175,0.07411542049159801
2176,0.9931383627154006
2177,0.9826271136449878
2178,0.37225504092534945
2179,0.26860600447118044
2180,0.9753767795355202
2181,0.16531706362958928
2182,0.970759045117112
2183,0.2418519895131585
2184,0.034080346060366154
2185,0.01302820950737439
2186,0.9962560763479783
2187,0.9965654033357213
2188,0.018780703071955666
2189,0.5356881770627412
2190,0.9968114902556877
2191,0.9969818841591742
2192,0.9958164478404774
2193,0.014777835658602165
2194,0.9945179313010308
2195,0.023910359220557124
2196,0.9907139414635894
2197,0.011666438460303375
2198,0.08223143655900896
2199,0.9938619679830927
2200,0.9942216791421272
2201,0.01044846037192538
2202,0.9969768735926796
2203,0.7333691284873362
2204,0.531063402150661
2205,0.013356278872396727
2206,0.010074005502327064
2207,0.995826572913518
2208,0.01114239798633642
2209,0.01592665257816511
2210,0.31153565508588404
2211,0.27312155380528824
2212,0.9957449357638137
2213,0.010294470592194857
2214,0.9970291316215423
2215,0.9942087590561026
2216,0.01129624004929897
2217,0.9919350663867045
2218,0.11434398394568401
2219,0.9967019347587269
2220,0.9967879108629379
2221,0.9906506216233599
2222,0.0118655527920996
2223,0.9967738522135424
2224,0.30230210796282236
2225,0.588041568959077
2226,0.0734619153798058
2227,0.01520758950398346
2228,0.014738315054327489
2229,0.013041848582577861
2230,0.996997056761138
2231,0.7570090386273911
2232,0.0178495324286593
2233,0.995741710404968
2234,0.997013684942404
2235,0.021971082005262883
2236,0.012881970289788183
2237,0.9969690866111601
2238,0.9968734832792906
2239,0.9892207682956824
2240,0.9968343154017645
2241,0.9967254378196693
2242,0.9914210430024147
2243,0.01099127857730545
2244,0.6190398703905808
2245,0.9969985674655548
2246,0.30715410388262204
2247,0.9970079488635716
2248,0.9946945674370523
2249,0.9941365689074048
2250,0.043078233509990384
2251,0.9959276703694763
2252,0.072476533752744
2253,0.9969222273144459
2254,0.9761324623156401
2255,0.14148637379649376
2256,0.029918618437469277
2257,0.9967414807512941
2258,0.9966914217089233
2259,0.1379556190223518
2260,0.26601810400536974
2261,0.011417455440014185
2262,0.9967223340847999
2263,0.010048068378965654
2264,0.02256882992019782
2265,0.3483772691079875
2266,0.9968393470949714
2267,0.07444570172028635
2268,0.017620959296493256
2269,0.02341953780502856
2270,0.9967823686645192
2271,0.9648942759089475
2272,0.7978798213979176
2273,0.9968010336439453
2274,0.009909995317756866
2275,0.9968546414174317
2276,0.9967714188292056
2277,0.016319576593473883
2278,0.9967128782514597
2279,0.07705736919240806
2280,0.09893804050603731
2281,0.02175644378209633
2282,0.16688976509639594
2283,0.040263727457103486
2284,0.9595766755862586
2285,0.028999708631641807
2286,0.8685432234304622
2287,0.996980662810264
2288,0.9184238598613614
2289,0.128519139153359
2290,0.996971948812535
2291,0.9925232981008087
2292,0.9781991276368993
2293,0.011233046064274324
2294,0.011424287405980015
2295,0.9776171668522146
2296,0.015384862315862242
2297,0.9969716580132815
2298,0.996764571935911
2299,0.03326669584302987
2300,0.10849379227789742
2301,0.9967456352653241
2302,0.013225086369978342
2303,0.012923870877632368
2304,0.01045518633529457
2305,0.39202461813808587
2306,0.01181466574600102
2307,0.9569595474007295
2308,0.955164792198555
2309,0.9968740549826738
2310,0.10599533474731722
2311,0.03736581234412588
2312,0.9962049965676457
2313,0.9968413350953741
2314,0.9959363262482415
2315,0.9967986039676968
2316,0.011819522647190724
2317,0.019086209207341612
2318,0.013490514098597174
2319,0.12830656600309412
2320,0.9936152305699958
2321,0.9967182924575254
2322,0.996985888558824
2323,0.17144094119095954
2324,0.01239349296774819
2325,0.031149734313630877
2326,0.023224921183147767
2327,0.010406430356568443
2328,0.17386225289292773
2329,0.3727769229000143
2330,0.9968013921656025
2331,0.010272051800212335
2332,0.010287266787497772
2333,0.9959865981602918
2334,0.9969106585185036
2335,0.9962785222730461
2336,0.01800653944169568
2337,0.011051073070548758
2338,0.9969652558357456
2339,0.015282424153579825
2340,0.13842152965163781
2341,0.041420135019661464
2342,0.9967999493659897
2343,0.9967966345861222
2344,0.16870456032598372
2345,0.011980793776536632
2346,0.9968143916064264
2347,0.9957158576782487
2348,0.01753046386567406
2349,0.1549769323972378
2350,0.037855389828684444
2351,0.9963748373314358
2352,0.014024892148144426
2353,0.9968256707137817
2354,0.0356556149942229
2355,0.030694384062531475
2356,0.012388888607749133
2357,0.024616415412075817
2358,0.01767199209294061
2359,0.027982038639710948
2360,0.09997154326377879
2361,0.996961952609376
2362,0.012292868803246175
2363,0.9967134365008069
2364,0.9969652348829169
2365,0.9968319649956665
2366,0.9968385101516988
2367,0.04603247149166334
2368,0.013058838700700298
2369,0.9949360582429849
2370,0.5176155091875818
2371,0.07927806474865164
2372,0.07967513591234085
2373,0.9963734734859329
2374,0.9969912825772508
2375,0.9968670802217422
2376,0.965806765972331
2377,0.010336004817695586
2378,0.013784596444117551
2379,0.9967619575502841
2380,0.9965870561153454
2381,0.1426129092788524
2382,0.5211932746219349
2383,0.996937291170545
2384,0.019876348434837546
2385,0.011921719433321503
2386,0.01299037949511707
2387,0.9968258344269887
2388,0.9292733419130107
2389,0.10789087366913995
2390,0.996889905440473
2391,0.9959633331355824
2392,0.07162458432549865
2393,0.996782599719632
2394,0.111728149215985
2395,0.072476533752744
2396,0.03303856042384848
2397,0.995794473151858
2398,0.019477576868270705
2399,0.9967987089437755
2400,0.011046619686070099
2401,0.996794716968886
2402,0.996179357407576
2403,0.010953805049959091
2404,0.0954228539569106
2405,0.020744408708627364
2406,0.6719771926618123
2407,0.9968168526824182
2408,0.015024793171176089
2409,0.01308650944592027
2410,0.015277752616834905
2411,0.015263793648489574
2412,0.995966050471388
2413,0.9967039898420723
2414,0.9959865981602918
2415,0.014421115213757829
2416,0.9967308369409518
2417,0.996093746830571
2418,0.03080591029607983
2419,0.9964601401917338
2420,0.15451312237112466
2421,0.9965358058740067
2422,0.7305185167277186
2423,0.017769530093634668
2424,0.011872873019308566
2425,0.035264311142365785
2426,0.010061843095835504
2427,0.04947525081131991
2428,0.017855836433452985
2429,0.9967719546265761
2430,0.15204739563719366
2431,0.996689019171211
2432,0.9958353424578882
2433,0.14432496334992673
2434,0.15159378457218023
2435,0.010592736843165872
2436,0.9967602271144457
2437,0.3427785674635067
2438,0.9938708360227873
2439,0.9520087184826336
2440,0.8348673873704071
2441,0.010045220633701196
2442,0.9652763414384629
2443,0.03452188476317569
2444,0.9967486644278839
2445,0.9968272760572776
2446,0.9970138284706462
2447,0.9970071035023629
2448,0.01883597783554103
2449,0.9968250346695161
2450,0.9966815171287343
2451,0.9969169263662488
2452,0.4008327317641805
2453,0.9969771760713689
2454,0.016185459549941588
2455,0.014782684211035665
2456,0.9967188270608511
2457,0.02066988774354209
2458,0.011200195406125582
2459,0.03890735607364487
2460,0.9941334352483829
2461,0.9968362496046166
2462,0.01793179986107159
2463,0.9969438863560771
2464,0.9969565966894393
2465,0.014963994521105495
2466,0.05122290169997285
2467,0.9969320024885499
2468,0.9965589903232648
2469,0.9965979141744309
2470,0.997028271874289
2471,0.3152297014097093
2472,0.12090028403685017
2473,0.996754402555329
2474,0.9967817136877672
2475,0.012054181760070276
2476,0.9967341596019685
2477,0.9966818314718787
2478,0.03714052984845701
2479,0.010512715868321575
2480,0.01531767666695942
2481,0.996796920289342
2482,0.012273109749734248
2483,0.15253282087355063
2484,0.994218864558449
2485,0.9967341404305561
2486,0.9822892595517574
2487,0.996788524640942
2488,0.9966950138815341
2489,0.9966972123761808
2490,0.9969443961356532
2491,0.9970144745217129
2492,0.9966996596315925
2493,0.011035378685410147
2494,0.9966782552889697
2495,0.9945400805475579
2496,0.027122709611888368
2497,0.9966754525185091
2498,0.9968547947546312
